sep=;
Participant;testeeeee
Experimenter;
Date;2024-06-24 15:53:04.725610

Total_Trial;Block;Block_Trial;Accuracy;Total_Correct;Sample;Sample_Sound;Comps;Selcted_Comp;Time_Click_Sample;Time_Click_Comp;Time_Trial
1;ACtraining;1;0;0;A2.png;n;['C1.png', 'C2.png'];C1.png;1.35;0.94;2.3
2;ACtraining;2;0;0;A2.png;n;['C2.png', 'C1.png'];C1.png;0.34;1.01;1.37
3;ACtraining;3;1;1;A1.png;n;['C2.png', 'C1.png'];C1.png;0.34;0.95;1.3
4;ACtraining;4;0;1;A1.png;n;['C1.png', 'C2.png'];C2.png;0.38;0.94;1.32
